{"cameraMode":{"drawMode":0,"name":"Shaded","section":"Shading Mode"},"sceneLighting":false,"audioPlay":false,"sceneViewState":{"m_AlwaysRefresh":false,"showFog":true,"showSkybox":false,"showFlares":true,"showImageEffects":true,"showParticleSystems":true,"showVisualEffectGraphs":true,"m_FxEnabled":true},"in2DMode":false,"pivot":{"x":0.22715991735458375,"y":0.4188644587993622,"z":0.049967288970947269},"rotation":{"x":-0.024307243525981904,"y":-0.005402325186878443,"z":0.00012789751053787768,"w":-0.9996964931488037},"size":0.8660253882408142,"orthographic":false}